,data,0
0,1001085481352970061965659993037687539296260679689,7
1,1001234913294039101525287016781935636903001009068,49
2,1001646593188263210587663512904194578495013486346,9892
3,1002146489522397735187938373794532314159186823564,14
4,1002154697923819329978501674177842079308887066745,22
5,1002719317642444564099739462573168136975563893107,4
6,1004063055088513447962730857166772452522163738045,71
7,1007808393417320226328554247248974483560249575291,68
8,1008577003326465830005363901744957590766621355391,42
9,1010571095814957481561290395879119628513055166084,9788
10,1011364805837049393275152516344786650067007344401,5
11,1012452827258179699681392997741423893642624332367,56
12,1015997232332807904978748210908721372484384446612,22
13,1016165688555641053373974987557156456688375325022,322
14,1016268037831538077004831208759466302980656205004,473
15,1017474193996456927073167549047954618539708304813,22
16,1018424497414984200573958460861951987955638279733,696
17,1018945884866584898166085000089319723205228218148,8013
18,1019506849547728226486760222880826426913495977056,207
19,1019660334596265419701299736598801118766418951479,6
20,1019699013180628872954003734020700274948399259467,10108
21,1020859108393888717870699765357123163031798724882,3
22,1021079212921442541230922139416518598668841221199,105
23,1021247696137899124443626957339947840975197040984,238
24,1021524753054997563829373434156362119137886064920,51
25,1022058705161238975761975380806618888178098562538,136
26,1024297666964740219804704858733029093014702022343,78
27,1024942835404549064057769300849451114889843106141,427
28,1026484129028310766528367687028802819126411055963,1543
29,1026929015787226249341853659956822831022491660291,566
30,1027037174698743996598138142228018044379327370505,140
31,1028325758169569725442855235732582593776546603969,470
32,1028629809135323788905890298535457716702756377161,963
33,1031568353072893331093282839779838219168806324501,2770
34,1032011639365373900791053042839624322185780437374,81
35,1034585318714351504802893134691670131213109689150,7336
36,1034925522017398317563874129107676826402157073863,4284
37,1035002666596332006155431521515660609388681893481,275
38,1035415661713114344848173555461633339697028212327,821
39,1035416098682353266320362920070971700084955633808,11
40,1037141636908706543813751981941054614468947215508,87
41,1038596260986304969180519966583043419576732494143,15
42,1039084137272406635099709969027812737912676990741,719
43,1040828343942400836898591330476277386713245838305,6151
44,1041090688214448545489710193218447355671249576946,13
45,1041669580949879581053786962021835652402004254778,115
46,1042517166796442351951846532588138813302120004271,155
47,1042856518844798233030711940703259385467254069577,2331
48,104328070126270306886393259330876399651238654583,10
49,1045023500078733657220481672997216011621634116906,23
50,1045494029279707841242037575404618421522064668368,124
51,1046819911955697481285308148843979037024024740960,55
52,1047173845462273232860875842047849842210658880635,322
53,1047478276967362452680332779012455214550076804121,744
54,1048315023666160626178336901109525126113476341622,24
55,1048751724919210278695109446858228303419167239015,359
56,1053009296670594709974838420791410246008210552770,8
57,105415837741518888736043986275616280241929528416,1433
58,1054205319686438332814000597922820096720291080569,41
59,105564313741917999025527250643587565781117022197,1
60,1056661252869178025246056870034890443415856125884,1318
61,1057004047137658983119772957249192566580167935303,4
62,1061156581361700053142574134268032034574589871401,119
63,1061526390949955280056208610156226362418331010830,2064
64,106294341990628430663479179506929007729324292220,5
65,1063698319573343686825177985820131185653811403758,6
66,1064184214927361199328400657261836475555134887440,78
67,1064349742551933115969112149376193809527226024054,2
68,1065282272405180306013691463899579938853372427970,14
69,1066689511088528868128522450508313114983494542455,34
70,1069019370477728889135323973745068148718619271433,49
71,1070795006266609997607790823796231967081735095482,1465
72,1072774908259015684543874031319368856268259420692,93
73,1073186415390290345323181673328308884810857562432,48
74,1073617481850707964183066564303271007313726717980,36
75,1074654824716745942973045474875939166583548353700,3
76,1076586028462091613807353201321297285995214311009,313
77,1077104944762916761424585625687950284633882153871,2918
78,1078117730723651348780658629079013443479573910989,26
79,1082083001610033097204972349481452046944665878306,403
80,1083041240691113182683167697925805505525617194005,1967
81,1087085540205999728117700683105458593515296706127,20
82,1089573664024108335143371545242093581334659096313,3
83,1090220213777614637997811361951631525293796644644,31
84,1090710549357502879906817020089833938682019875489,13
85,1091718942757358046674821703636868193726484805759,109
86,1093738394155790541246537236255789271268447676303,293
87,1095132176649876608235410187290313428993960205183,30
88,109786614296767563824258863144690430821838226871,12
89,1097998195055242329540845585519128736355057579445,62
90,1100085789574152532385117214197894428050360572099,13
91,1101383271516501037234289283438404685078689274232,2968
92,1101817660192080988606553215525798684403852176954,620
93,1102445621448848382867500430361114321899423105717,20
94,1102551542762762659084506721165697551295316547287,4
95,1102976065293989686409736314075653328966572354570,5503
96,1104057862706732306487554625376273961125374896262,885
97,110469707199330750194168375002159134220189130591,213
98,1105108066195655808854087412673254404999255741033,497
99,1111459144413425290674084417506731853632146715947,39
100,1111720571124208884336994111046084344771677331942,3
101,1112215428126252083305345520081777084447340657034,169
102,1112672209753035658021629466419237990834405782523,117
103,1114017007018588182261582738314821578963384149365,343
104,1114395280775267472195016722640625382158368925748,9
105,1116327982560451016596609622841958660507712128906,1036
106,1117027593592734189880256282386448948938575931573,19
107,1118784882015600615422881606066818867392265101758,259
108,1119151893389492498501470504926467586818025803278,172
109,111976173408415485354131086909782106558752168113,8
110,1121308180510076752712570736170006101642525669077,204
111,1121552895383780154742430426366662762013944933529,7
112,1121598259725250518055970430957572705231953475204,439
113,1121805041568338935559087526141522667450103488511,30
114,1123306453689216753285253665420590551588016865643,577
115,1123542421607909859818457509679826023450753952911,274
116,1124329423897765887564094578219936343640589686198,4
117,1126988845492382946921867512199518451204131717209,1668
118,1129109029530299416024965904917328229452633015070,7
119,1129162297415269279977041596034603270113616854776,780
120,1133792758495017249009981427837818312270618261767,749
121,1135881266002057188115324233796094037772384001087,1736
122,1136537295040354918082086571750882401726539390,3
123,114035209854038852772539551378228778766521367527,25
124,1140977589113844700025998885144809909834742368409,216
125,1141354928508799372406021695273891952537785632860,32
126,114438003906253927169275698063483190333250657546,571
127,1145618810542600228159791982047533153823197582464,9859
128,1146877273161679240302910815039498832344896249499,7429
129,1147151856397106442903206921484675040901175867084,12
130,1148414920619354737049727376668017395056445525749,3911
131,1148717937879809331656980131775542504625258514825,25
132,115011512611069838631585244461895218533037760871,5550
133,115034712907899329874557126744627886730432571895,5763
134,1150446509479926868404213499216675999207327928097,2
135,1152703383448661618232661662464954455269751552274,36
136,1153156385989343701540983961214577460025829642368,42
137,1153863011621398146461939709458008198459096134076,7
138,1154163191338260283447549464142142671148936626055,81
139,1155606739844214019418471921008840055737981941632,1721
140,1156195168918720610202734182276311010018994649687,701
141,1157024142054487070048203151985703933195595209087,112
142,1158232744973841192709379247097470375849154652124,387
143,1158931536699939902772291875677147838110160967332,3
144,116074785684617130830546364620404557757531377056,22
145,1162223804889954813518613243336212108919814000846,345
146,116333906621652494175591509470261235514404262624,40
147,1165230731282619036123627600635346457316751271094,49
148,1165883924524608814993332599167619402349445770068,16
149,1165887603372223463707586030334327430648381107513,363
150,1167711157021676028824150121997218710653132022488,81
151,1168058129656313935293288066232394111623847103457,2833
152,1168703116202623501981174301585276865365298565716,18
153,1171500841945457181475814193951052008657672490360,80
154,1172403500782415233232550989677001097662385004051,55
155,1173547811493943013519794921540311757687344938324,6
156,1175598665017005422626344884143451687677742790674,35
157,1175690523296467440561753910007708774933559579996,2727
158,11761262773085782902487071210231530108022358275,223
159,117657919853366989972468051835669980131716236101,5
160,1176627656019504960185345849689708534657320228786,1695
161,1177691333856919865840086533835179318076534495817,3
162,1178033964435173232397517299587048653337520112417,1966
163,1178703418817572972030115802473773038712263612595,10
164,1179327316796503503242368171031190398951501190204,4928
165,117940987629396650458895978304278284010416229248,8980
166,1180318184641357295782191145906124599792508857604,212
167,1180335142743753705048049206199171172386293674318,1
168,1181676719936827255679179319153679507345566657487,63
169,1182744841208551579662038175960276761648841640547,5576
170,1183788439063200592027486593712942385486888006636,892
171,1185984291304637870583235631085521050633243674290,4167
172,1187228632909759154927087111782713504380130224480,1308
173,1187404553680079797329708781267584533654462037355,161
174,1188976386249882972064073829909700450862499548228,2
175,1189450704787555475111210955500390163965829357104,40
176,1192419834347466607101668663638635423967008883650,9146
177,1194729691172320722976031851344971579645027286440,4
178,1198436838480775997417016105560705121295767572406,14
179,119887343498141655978539566534052374338794686653,72
180,1199081079448499966917188487345907896239380622924,17
181,1200624369876474684018613687273174169853841457173,1442
182,1202583412901222966404905570685300991314736975552,4
183,1204055551807821834071108780797163847425824070934,13
184,1206312004876391984372288709635120802071157209879,81
185,1206861457952548611351571693878635784189347875486,39
186,1206983458769365346291474717102112919529494976081,1
187,1207600428523696381117437140126998048290321050841,16
188,1207738956064867597697508339667999343193990622473,33
189,1209707511510998135466064840838437121363687653317,5
190,1209854310294808749107220069343821375718297065088,326
191,1211826687426815259027670145618133773643301451624,7310
192,1216544762266208056110549559241773340959356472744,9691
193,1217719456101204499247950387110017633245869943381,38
194,1225907481206102289054103960371403600807653999508,26
195,1226276226546959350795468673038892962402417272742,3085
196,122765154123692897395158879580051073336273179222,41
197,1230828977141693507879733758769602169855787096961,31
198,1231140816733524932197949030046490505857730447080,70
199,1234855959034219051240362178390681558324454539282,1589
200,1235017176437854070217900401181851366752044446042,15
201,1238412961614696532761558773493534531027100665367,42
202,1239617809276159876052344290947316393070440570786,27
203,1239676999718721338530327208396618917012593043622,442
204,1241407881873426205513884893791127266385890761435,31
205,1242379397681153927311326687194419126411063422555,166
206,1242558595991388301247057213671898519781878827693,25
207,1242995325077345941627836985097905312889129827416,1
208,1244170499030795165652844295673508056480415518678,3
209,1245595521801747563237454476580886097724583204557,12
210,124587104690935575730158496084006710687750141976,356
211,1246874860342722341638893429241223358231634357085,24
212,1247784903810804379163087559747574688653906589100,121
213,1249370081045427049327965102622459389110637486501,5
214,1249440873190542696677284445973458086467700688386,4
215,1249665193321886219655532892010168606384458267898,60
216,1250382521030624562351480264464059215197498103895,207
217,1252924992674656206436558800246406658783113406875,3
218,125304284673912383368485361465977612075836230724,40
219,1253270631233887298535228497429425438643508162080,3
220,1253321467346822531137674573374242204702041508442,2344
221,1253963671384119159978926727242196960118140045221,6404
222,1257625403128103513110652990200789615560362725134,72
223,125891133936480131654311312029968803375851035630,18
224,1258944805546109659303135694195731654593512206898,1469
225,1258978421204455191228174496408316953900567202089,40
226,1259419771237913023874488416304568195548973087335,627
227,1260029715348065001841094449903995439275653021262,1987
228,1261425585535595253771221081958815840050577628176,4550
229,1262658060054290527931286368403485771488643151902,7
230,1264215433716667881094041354113247256705752291928,4
231,1265114575268608692166922570967139974742940978394,42
232,1265500295865936471928777007145529184180568315821,9662
233,1265907099415842872465779406740842390658708071701,157
234,126609779945042709247039782629594087482739747845,2649
235,1266536745146401285421585654387230041881396032263,1162
236,1266846080493884506690360011125866179644718478960,27
237,1267298038920213936154306226719501670169875006428,1713
238,1267903699086686297204148127089731638579628874178,242
239,1268896400046351859694239744506552506791474220542,8781
240,1270273976284450971730880015065397374634895066812,79
241,1270510573373258801367986629032158894581168265335,9824
242,1271803929329216673374251157861030434822830599366,824
243,1274082884655850081590366025871315129190382368097,9918
244,1274745997835547624198310385561706343813267920543,10
245,1275435761882557514926984049165848654110362808966,48
246,1277484874813401456400821776285123558723166739554,18
247,1277745012520135117336468025147106825995959021490,40
248,1279148896314114684906456526494425169791773065027,1684
249,1285098557934049818951107100136365242101327390789,25
250,1285958393226276650445316259505097648765611228971,864
251,1286568135563716416350968064648580252899870297539,10034
252,1287815772244662616590906267879529462075795976025,401
253,1288101097792785991302091908299306645310896316357,1689
254,1289322621709018902572337047052650979638604681091,20
255,1290804585355016269297677750012967577333247730179,8
256,1292623062134012409245185165444122306309875700978,207
257,1292928440751438276151741008673708530150216072931,110
258,1293056737594281486455156340548008173579758418824,12
259,1293541950107386537145559551907036053152761930319,94
260,1295074891901981318318705799188635829853199175557,3
261,1298596452026786707085045196417062671679872997766,1465
262,1300545488665481116449397679724710156589056974088,4398
263,1300757267968226985538699909452120709994156207219,6
264,1301692154345622890295210116451957413595128871556,498
265,1303427678063513742990272981589781633570989359772,24
266,1304622898315513776710967927710078185500379116206,18
267,1305731800762248431522958452511367414364168801778,25
268,1306283010393414707948313402537723576424906157827,4047
269,1306611602330887034226331205854946874093113925935,8
270,1311650643501102519359182607902438698901672412195,2
271,1312959519437728991420557569996137154257200043215,50
272,1313206569990681802135940825828118732425539897254,2514
273,131460833811589660077010628801622141012656599218,3600
274,1316827260637260569936431128808314743876750969351,23
275,1316879801518135371624911849896521256801627165892,6335
276,1317284714347358817468367567240622691130309316975,17
277,1318674729647849872337274784265915542027389438271,32
278,131985781884785300632621185275874631015602317235,27
279,1322387831130635963113044259314981420504704489292,1072
280,1325416573004822799971470266163087662241047311551,1
281,1325788502707733166500647789092959756081155621252,337
282,1328523957921782692529198751225243995807287061428,10034
283,1330861972397150943777511409682259622302122473594,3
284,1332314200643867326697481092963593286729970995105,28
285,1332484877330867734292769114652915554544352086641,69
286,1334480931227697323744272415350909073665775302365,1
287,1334670898648691756534985192181500505562177612658,9882
288,1336620826456563881061401456948038781156640111682,531
289,1336994422161336359392190875715212164915228349559,170
290,1338997054536490059251362256260137735787003627425,5
291,1339463911745791980689604853735458848986914620007,4
292,1339878573896139053316393802963636537176632065090,13
293,1340483624302836718719308878492512120295072038076,572
294,1344242677381425997288159738149321226954971745029,121
295,1344878673138394684281187004492103242701339951023,2714
296,134583530686552564431707607384843333409727111733,7
297,1350308983571757160367612574138885955914537258144,30
298,1350953213607249280451817825616280582124774265658,2
299,135146801727664406439568946232394835064390877124,10091
300,1354457745780624072659775902533951410989104477115,12
301,135485104147235491998187488505806081114005867105,1669
302,1355758047285704044487557151039761404806527452607,10
303,1362669921019694127565154196666521530730700912608,44
304,1364159219231616621338133447032651141534530261576,112
305,1367497984611145459428756934207871976107224540164,21
306,1368045638630933736586641055334236544417248367152,652
307,1369690027517148643809679374989956506188653353152,47
308,1370970458637669216793693056352130245582194810433,120
309,1371133254810992065916418219331729853515623585096,31
310,1373335500168609759105523105113674923333476853586,185
311,1375274086386009503794944545352477434919901619561,1322
312,1376790891104316985894325858520826941043519604443,97
313,1376791562473204464886739694053046317095503402645,3583
314,1378219365378730387428078507220982364967166946704,4387
315,1378754247932415666732254138917113869506731035096,231
316,1380321530941655451219543464649088998616643912585,157
317,1381249309614973729615716669131678239655375109531,4
318,1381668779964746835517939883548968346805893842550,1
319,1381698768173024511457744876355815679188524566917,1332
320,1382491338164806812882922574911577797862840133015,73
321,1383401637874929674949001105767498395854416240518,1
322,1385701567966231975032831715622429102264594744873,4142
323,1387472843999148565081474470160858512579976771063,9
324,1388823880759702633690462906552822517975371464723,93
325,1389689674338102974451358920872293378534466023758,9937
326,1390535745739396506223087178220901096857590076411,218
327,1391234956585573518827397411029422386543934825013,7
328,139373018711470798452812568802314665511414822763,10
329,1395358164602866160447409926469619622303008487578,2402
330,1395605066932305122190363090540214439003734125588,209
331,1395905841822835577963711986719372985240163548491,76
332,139680417131617566800248126863146942650173816102,7
333,1397757577106089897597641534576633740058073077652,4920
334,1400516995457628312304203068209937151822623236071,1681
335,1400556537092443302237537448757978817176621483782,70
336,1403753604827098532252845643285049582068595163492,61
337,1404195128391788962743139509656883073422788778932,1
338,1405376287826736105981691274516328507289585135615,76
339,1405961843882766599836917062130009130222196243456,123
340,1406188371104585886575974722419345774867166631157,16
341,1409561844218848536530075296471868924670120392735,9911
342,140978948395777320696682843783524671772552791883,59
343,1410433029302584204369947885639029172731371931127,113
344,1411797195047641848245600323843664062446068118799,4
345,1412413497061721185744485362478609018970413211353,6
346,1413646351881042391476419824722934210321978623835,4
347,1414099419182646291283843951536328190801659050885,3359
348,1416030270720094473326996927955505127262106969040,1
349,1416964978200663747273975779237462294733337009857,9230
350,1420188757687428156646263088072777303519512238865,7
351,1420713486815112840094448508837478376663459318985,3248
352,1421515576103999421012053796988415610939621137630,1862
353,1422275958026366655619672208733254454150750616300,38
354,1423526271129992327830312966267960754484714719076,505
355,1423828881688232329299780361801138765841326513783,374
356,142478726687202786982359034893036260242252349861,12
357,1425754437273682039941636447742680503322329422944,7
358,1426474256845475236891693755790602223881999753565,10
359,142673936434800263279584517224874135850541713610,10
360,1428410756645278891960015487991391106783731638880,2912
361,1431359980098172840054691174952284185950228915004,6
362,1431511707010625543277963470701898124066942616974,79
363,1431528918839144424785896879932633061623691881577,126
364,1432660161017854960878465661991456328399316731055,756
365,1433871616601239143635683753470942487455568077808,9914
366,1434476236321725551293108049041701026041619215722,4404
367,1435238251706262264929269625798554579566156473435,33
368,1436587479573357193996252854444565925809848601952,928
369,1437164979635970036661571603065011671195295945863,20
370,1438775972179880134889062678067346400708261633711,1117
371,1438916955992509006881437841010220374348277348762,990
372,1441543915156583289338054670014908190457972794914,9
373,1441670276092189624507779309093135744015872791277,32
374,1443846140373206842977100417462535120656513978576,1267
375,1446616901494331508391029569096581339837104221192,698
376,1447047894532334838658395013459340753752080689618,9730
377,1450535204154916434389519731597764989499620947164,9
378,145154632270603509353038474489949990375279905222,2069
379,1451599141367649895422380328730890773194541443032,17
380,1451604717714344807909461461301027203950858477297,11
381,1451880326566158591222605731013618618701363635565,23
382,1452898717777897113191163702455251999742195151736,25
383,1454945408209109167713203431103282417945073047692,1312
384,1457167686048833464782555697748481995375211420092,43
385,1458774774689280271590031333997043289476013201934,141
386,1458880893852756675881172317747503065980342110528,25
387,1460472045637485350063091486155260807314658411609,7
388,1460505457649286650538897033620715866789489550582,74
389,147181652407347962566745568402822502073281695212,6
390,147206711953559833530580126049299818000588543841,223
391,148459772050461697379202483560040086375682846540,635
392,149042177495536741897969064661916699859252128073,54
393,150828769631275943895295649060975729688355338264,53
394,151968160595675313876009688558236479911667289789,87
395,153739011166161183535644436640787722145785833048,3328
396,153932759332142704477799477746818716860920727246,360
397,154384237485149234921455272935151072736585903868,88
398,15486883350327291173137034661860986846801974417,8596
399,155933264895188799876506122329137953909067662448,209
400,156572287291749741892420411182042600677883028980,3021
401,157406655089019348652329033723364341844162123232,183
402,158158057611347397153654325544759365738703915674,6846
403,158830037394425814643793460159712815882818902535,390
404,15992149750957371097165561240269482741117502820,2
405,16036826475153640630971985004549925780459544081,30
406,162570573301860365576512599364189469648737666630,2880
407,165478803000903553837203741535579823606154731241,5131
408,165654361743486293142692627049029233374760199084,17
409,165745276935322164767470997031744796752753318833,47
410,167389195547645721850597607681900208203138375140,17
411,168225179250415346225173538059282112631724935619,453
412,168338432442165750860744984873964640252350549940,294
413,170764715874513299733832063194312272009908974090,968
414,170954778570569209151806633514247044935725181491,26
415,173467444570816975205532981631355232246622308734,461
416,176199814804701806882870160539815551605717880881,13
417,177685704521659473121545135081162705027612274719,395
418,179382840314540092508809286992349706810242550840,7
419,180267195391473217569547767713199751681329257171,668
420,181197819953613767961095881915167213152574451364,6
421,181535014155958695826265378903669679861113071684,212
422,181596508429245583360580869850291219093807282737,12
423,18283186751281556087348298231522604775574943717,34
424,183653761054435953295208405207089362814667294387,7
425,18538860618071476813402440981621875538981085009,8
426,186635762414412886239337904136498221245625875734,869
427,18823642112536312443450670819023788258745250067,2
428,189024852873558106750091363795510911258088596388,347
429,189824126146852893015007411008665479179168494143,71
430,190056723257374670698125651272888764496545527340,5231
431,190106171559845922905422627813597454476567765693,17
432,190266204636273387212796444512869799399215551975,191
433,191326457699278004584475112485361406262622993659,1252
434,192993333696988307140542210533762543794657578932,7
435,193986942141328281483153116274892018647831733135,34
436,194494256825565625462863207464032578177500040612,670
437,195284432837190674167490581250262554032063331498,50
438,195403384735828571752329858113705192778072562800,64
439,195596835717378098034844795288435845800402136371,130
440,196398585229040100671688911040413650040582059603,4656
441,196532743732755796049520250360721260835342785507,2
442,198722680570887323220235725101622581811310048106,27
443,199957886059935738486276847946339858621329223603,2212
444,201814006287076706961235933036015842404830039313,9914
445,202167449297430685038104459613450087108939359842,167
446,202381960827404805597858952293623477370472953567,39
447,203066905706990510994759443144884981563141886970,13
448,204424330230090478782831763850483303437703077866,971
449,206315907627802499641788602252784898518695716981,107
450,207988970306729453611832138502522123903253607065,1807
451,208757793646762387656664117532775464111299573675,4
452,209979804979919264579565115718414117875186323814,5
453,210327362412861362204544921175437346621191987285,1848
454,211750875286929235497172704367279733656523467989,1608
455,212278704655022976158230905343714235466831078958,106
456,21306443011521637114147779469378028784547737827,364
457,214084019797097876680712517174654001192418898665,403
458,214128987222392080898418252687723479586013163261,1474
459,215858434769473352404842886713073418581476046897,3398
460,21732598253781000755126566663694253234442271173,117
461,21802015128178781513502487868315129912065177933,6
462,218135963685392239483545373311062368953476149337,5
463,218174586903286733920327019063114796282651981293,114
464,218195138044166255100168356617961955554076868020,2218
465,218266322047058041263860830744233698348751150229,3
466,219718316424937384063710855785629090675868019545,327
467,221711282520233531710992350141376304316254151509,9
468,222565269688106593692371995070168969329421298082,276
469,224648143866725613747714344128177550220565762364,25
470,225144226508287461477892683092814107062144200771,4
471,225187409798751638264044018594047107778494435393,21
472,225843434461236815153806306617303851877632958852,1877
473,22597658558304229233219506598274457204935970521,17
474,22814906679770351878442354301103970652070618083,40
475,228555970944956424252167349912204826199483288153,9
476,228651953311080689087441138163368941770753089109,2526
477,228677765726170235180796702866988255019335478307,4
478,231211236187851420269624726022038004651299545111,9949
479,23157288886605215595547488261341862261049898122,2
480,232350429897563650877289337536806684514343398532,70
481,232497182018476006616824018579020039547964395999,163
482,23338709165134883997954600083640900200599205545,380
483,233781316086179319608543908884443574888830111000,24
484,234235402114498786509595076798464439913989669284,25
485,234607225326933063466937535187205532005611333124,62
486,23462124628691766886986522619174686361344280947,1469
487,234650085785356972579703678481693176092338858913,6
488,235169772442322057865853680445417829275102972846,9
489,238753995243000600689946413143182345126517109592,952
490,23896243891007077803561599317237092085856916573,22
491,239021259887742318205082639421651496327902502704,11
492,239248619060747837502608227428524947308755475827,325
493,240805169605744962354784157962755220593795707981,393
494,241509802225026180232696887043432891879285141377,6354
495,24295620988050199427015907922505737338559148907,330
496,247345713345758814780921852384123493760255223156,10036
497,247460883029487672356218696988906374470507468519,41
498,248685550954778285300392059799422480864435180371,383
499,249949223470296260804704344731806070813471317938,28
500,250222284951401700399082963126738072357986380593,23
501,255757142173727105449635983259998556862474449505,44
502,257549028459389875721183115150962691388115156453,88
503,26056448466275954947717435019610545325455348318,24
504,260647367776201703905872526201909833043678959020,8888
505,261563861799904906081768670228149774906711436859,38
506,261695537085161083847195288012435444461767385924,3925
507,262844242371389564439445249005869184783462185400,17
508,263588386979034443399183361132053396971429217306,6
509,264183697675510778230749923902802536772088991464,13
510,264277233947407098108473359518454339793382935346,4
511,264884654746932044622376409123428844340995357116,2205
512,265233319674964283131217189435706609197781839013,14
513,265732588768939071479671776759420815301550732064,1070
514,271180414906648154389564140122928233850566183717,7880
515,271577855985203539191940346947852801835198739985,10
516,272463164817907364402686030589503255375290521558,79
517,273687758445648048028265001215853359556119232478,9
518,274852712345129623811610093636388997712154621736,13
519,276030368570740747571351708644499916090233367176,12
520,276298474735390329057304333211094163884922214386,23
521,276429896166680637096706731528389309920152615298,1133
522,276665608166371531255825183526666938645758160452,2
523,277404378078311609647619409543616480007120204993,5827
524,278055597574200108284825968365792540919252506194,39
525,28102619283282484298566618643198090356564808080,5
526,281066874991549008691483749289353257560673943566,4326
527,284426968294981472735396141567380885548397243716,14
528,284695464909635017012400162097046591057618245841,48
529,285074157479245779461331270519289812302432520033,1191
530,285830647857378302573434280083122015615580646640,1539
531,286477958629354644240382983165105459684012973074,4
532,286544793537911285056366863232645098837921445805,17
533,289611504127665064514655443100668700132255069508,4325
534,291060423885599928265285353863806648413885114556,61
535,291475590109918618822969513065130742722304905221,8110
536,294988906728130143679677445021518765667472014965,63
537,296021463966575068084955109742333093031492577543,877
538,296727309524094611070997586084492337311192097497,4627
539,296828643425255692568945154735108027632802389441,14
540,297281720928528356634307875118448092215961384925,313
541,297368984758176754418720838245614432762261725545,54
542,297893119267827662056150302727804205264036289095,413
543,298857064015685167542480067062967083394277900399,124
544,29953773695501941026979984373304678098684372588,659
545,300714748136597986085830788440845370659383725857,1342
546,303183770080147756655098975430228854275290674188,72
547,304337064095291462436382663505671866835387092626,261
548,306466993614921258951385635623604866493363169230,2161
549,307275599618538840889596308945035036511914559347,719
550,308626308507247350185197976216454969941723255436,9773
551,309065512047700683498839619223409206788001330809,545
552,31057650342769539113415006772222008916649470449,15
553,312552887292522982268930954432717746123856773106,29
554,314473524168633714234629722510139885892498372157,659
555,316713551791963663250842349787473425930714268078,2900
556,319565364796498840111377242465659092407590682260,53
557,319641807370867819888118322049743920624660206888,613
558,319680366968578223024544634766891982546671472838,104
559,320278693662122128778591665212587220158564734579,3
560,320689337897423160526585275069513670785412432761,790
561,32087095841049873793637347032835720587850916969,12
562,321228157737775092795834832856216390907962861745,44
563,322416675618481088806182142865232168376314460666,4
564,32285602741345116474532509480762496656617054116,9753
565,326552728736234827281405173522663945691198279873,34
566,327344272439661902171103125625934763389452666840,1344
567,327351991781451284467266776799141026935662020481,416
568,327539093280180968649918450283590660170462121881,2167
569,328444484223159685048127576711819825462827383105,29
570,328606451752138969891567448953624612863561558586,195
571,32996186141112981461617529805674952329697760155,47
572,331967543011541002748169276874582476805231010448,251
573,332106715497290363193805473684065786378040935211,3199
574,333016527148567453918937735779873732404228559404,283
575,333144567812676964634745910347070135504562110992,1627
576,333279449837711430202140306441420859121694829514,7
577,333989295250030961873431781696074688235952545044,220
578,334037615646915262432063754984277147256230870226,437
579,335325658739217315286532465734041253251409248143,15
580,336031753362543602584434343386448452275972614281,941
581,337433670718006690019021137203635641409918601263,453
582,340273957079969887471920021534566014959610175063,48
583,340646316672952672606597526227263060213459466652,310
584,34195170681394370670589531641549381466108040913,24
585,343013125220104577959338372763212589012280970123,1490
586,343235203909921670060480047918687919920183017672,10069
587,34434595279511518083726387753915770251732640336,1206
588,345327236644549775241426052379430096668256093800,11
589,346607808767843239171088493158333567968746364389,4571
590,34667567229427619806846495741860988606192646405,135
591,346806429232437994526273766139461254557918213931,9664
592,348153435044510542861437939543415551352237971903,574
593,348187368727858406506090880680082400613926259625,1076
594,351073281746427159467673004096794782225829803893,127
595,354046165538992676530905145125777294425716734052,10
596,356739526519392829898840117880661209822151709056,79
597,358816507251662777218508239719334750171723832699,1614
598,359856753070958372964215514324602440590963223882,17
599,359890963972227089039120392694901801329874085363,56
600,359925562007937593554092381050281179581267320267,109
601,360493806449577152321110182733422037103675448361,7
602,361721153799464063592464478326481422896991968576,6
603,362179181602735137910272741762086146656529814472,40
604,3638183922704851179961913325497131369701577408,756
605,365137721483103705303517743193529074078525351265,4031
606,366569212528562308763962914092659423270734357545,5142
607,368354737302006716883576139458435349783145954615,7
608,372243540507114627887038394462467708906309199752,10090
609,373712642272403223381391639924137772525826212560,7
610,374373584002403707808031077002671683204878826623,8
611,374425321810035508632780293752654108364932182703,5742
612,375251013991681891312329710381464366090517328650,18
613,376211136678601165258058063363477237044226891885,1363
614,376311886432228873116518987237444397548928675208,281
615,378034106835768314566689192173882608082088208281,172
616,379975870190828119684569413033307884982944902024,12
617,380092040856455807475931508891793988297071386190,1113
618,380279479348192470718579054044944447906073892598,22
619,380936769972207869994641760381802962010099480630,234
620,381415834156389029200612261781102803547879672613,8691
621,382184167036576184690981743291441923922188229153,1246
622,383693673445934336743893156008442008975417888229,1189
623,384776458330450083216347525646844766515825322005,28
624,387804853061615147799577224942979099403319148720,21
625,388029100246638772434162087939439649632163093015,8500
626,388480485755341938784917778717003013238946321040,9
627,39020007648561139699469459898019681225917219637,78
628,390590627933685078921227072839207500320077916903,17
629,391793061198730738582944306960429051450001440143,17
630,394430988490915193187899568581883997689019608843,11
631,394477407286698695589354781512634825294135949655,10043
632,395411361898105268455276229102519481591796533675,283
633,397778749777663494665685620957487847301699826297,2
634,401771948557718673878940444682361742147849693477,500
635,402800082122260896654277744465170183014367613873,1499
636,403098757497310037912797464103201505995189753850,128
637,403147406923798613944821204578200083733981471900,687
638,403728526818360355231328918787966089580417125286,12
639,405598332679586488764034772244562815095491146975,381
640,406465980106531276692828713692923020067219069871,8
641,407110024404722407349046905989453565879871103118,2682
642,40717409428905592138685155664426064323047046892,2853
643,407778296872506654917284917119625718531211535232,1478
644,40821908050663357052682509510028797012157078590,59
645,411490161533912934845789411837497795128273678711,10
646,412364102215781395132431305265422225090453887212,557
647,413173181814004519474836160575973110323193324111,3
648,413914695135666074792793260275053508529450025265,191
649,416487892221144371313721143661993507875253653777,9562
650,418533597030321316519446727513524287993658678538,5
651,419736390650725773931775062556781862322158307773,19
652,423818249197722098530658603550598357037269714341,97
653,425566478335188833806842318314561674788766759846,168
654,426536995019113543507608125260708010706346088554,26
655,427238352067971068942510366641413257055906079792,31
656,427968344425943769641903625254060842018316911422,34
657,428057485583840478550114111827855717032012236987,1034
658,428205310927570136971263142029669835204453336712,5038
659,429648472261815148478548114737456563571142583739,5
660,429687613722374242732918137606473361423152871158,181
661,429697695728295496010112090440763650065101584901,2
662,433778060890472175381258520923834431304492021701,594
663,433819680297289638286618577588138602806514067933,41
664,434127409037904491694525101891901325167630358579,704
665,434559894297380635464697364846027634325458714789,672
666,435926988446026917546216162516236905898659784204,3130
667,437212645188556525506160559328840675147411190217,3786
668,437414232649027667936707755525338389065217898446,76
669,438123235857752959169621793793423672230567227212,249
670,438314553785344198647228573130138195798000888304,1447
671,438562986137294569732580193276942870673688692786,4594
672,439107305226249222367784499885884476462619148500,12
673,441360378140870817611248411035166340804225760090,9882
674,441837733108065323131325602762018913422206170483,28
675,441935205221166650484059224275634975612226483027,4
676,442303927399329048057547550697091757196449448530,1594
677,442442880168221893352765737409204748874817234978,745
678,444781217513043287017302155007127792107557155015,1295
679,44553308054427856964403383806978503551424428757,10036
680,445540199217950028752019541025949341185542281371,18
681,446069093285181284755821820455831225977917169858,1123
682,446247679188619116133323969899645179529473943306,38
683,448447049723552194702410057454881428084818876537,3
684,450286410207287599605991638692295469277336925267,9869
685,450380105291619674009691628874358890318329277065,172
686,45083525555846567492640386438997728825666510505,4036
687,452433892211666906395774713714873142068384802461,16
688,452935370146424143988526027748767086643549929753,175
689,453397270941375986330084732661691216929746839990,1638
690,453999119775414794553011754141094239764754338227,20
691,459198358998439345413017458011962651492324227943,1590
692,459812591108192212309263426227684365248261257691,159
693,46026674153708732774644653104835684556442087079,9
694,462577247995444722061132162856295645759888560447,9996
695,4637989317474189332512062706604988354410332746,38
696,464236974693057222644640317897148431189646270258,84
697,464336121289824249700639712363873701954256656203,53
698,464547282006400125699546677450098712049355054376,415
699,465193808185457150478039718092777996316212214380,432
700,465292719214023776381016483886663560462244955453,8824
701,46806452447072758167591444593416402586200979286,736
702,468163572928954091813573182511038267450003799103,475
703,472340072122490790983071237839680223443995270029,9
704,472666224545343956443999529009141266097054994936,10
705,473566813295636364963041848267323066421979415669,2493
706,475230205080399755936763076738112314549758758835,395
707,475360355785467816114798792810834336367707334881,18
708,475592852977021214644434215607594388264648913868,300
709,476654251482935304249419085207349196306368985818,2479
710,47703183262969954158187038094638553169275083125,10116
711,478166991359099140939664728050988482098900039069,10
712,481195106943393342126512662275960428302234131344,8150
713,483408348809953892984927517604383633329342256931,5656
714,485368392057765721211297366236595991088505310880,348
715,485752009194054402640463121419506872400739818734,1998
716,485929716840647578676452909307781004690380133311,1179
717,486045017969272367992241543443199954416972783919,181
718,486184723839346474659774000630205997699463329769,2
719,486969919390079666673121912501196830515928150981,195
720,487289520543735071395810497739515825843925606982,284
721,487754923399562484450457370200251189261368672163,2344
722,489003761430408167635155773113004409335340740533,9837
723,490158228762077877411112676396256480879362845291,325
724,490225475160891290730368685632475505540575544975,1537
725,492245681633284691228379666531951506878792432154,571
726,492546792057519771138174006919337876253892270056,32
727,493062659367228440204618626980633790379418071388,607
728,494589636331432221002776489121753515801751229542,2499
729,494954799347243173554831196928510441333721932550,16
730,497035657366051165299410167961432138681859998102,24
731,497965847235548548525363029650385606149788375388,60
732,499274918013168444027642344579123803785447771449,1925
733,499955212387666189328281767364272897624299929607,11
734,500165155122334479808751916336284514043286727617,7
735,500203163596076818307535264286330004966757960656,104
736,501353051186766181783330722086791173017783716262,3
737,504756225646753314914502226518202460572704620537,1278
738,50798240615354304990894349391543278250586510638,388
739,508566817082279818292481396013986484502243036319,624
740,508954055974324995192998476174125883881755417808,1143
741,509096022745809952112189965549767072577068876110,4
742,509149699421191623855330840251532865309088815627,9
743,51245153441586801458495394636913968563523394807,22
744,516140751138943235123955042341873493865048439907,810
745,521841214596887020597715980280678270595547888711,1370
746,522081349143614546343346378513452797055699111708,5
747,522101986229385424574606018269741708222005758858,765
748,522645802448733283258838867319653864405655482550,4
749,523644675567639931216006036709127967971279214018,5
750,528033550513209853194492446257986001864738974176,398
751,529158042698159744029702395723327769748514687189,3
752,529238315609644931546519601907320432314654764929,85
753,529689891680330132131967022378464286320091825351,199
754,530966285097969697052214331415822600848286631748,116
755,534066104151171945537492897398706595793592267137,2510
756,534561701864139721932539078872329725385377255352,1118
757,534766908983347475425321825974504026467207899257,130
758,53578950879641063320107741661239975635971737565,19
759,53583241104667402057156459389401588449007842353,923
760,535862026766002377454041471281432539130794131900,118
761,537009021569464116098716870820331530584845806484,2070
762,537478566307579774363652989943158367957036022404,286
763,537505088523516347379440380916358389608864225514,228
764,537647929800635025917958148510395313457601108608,5
765,542006569112214109491616175659964166082362925273,2358
766,542179010571764032431792295253966270612657533056,87
767,545870834679038988466097886285318409204080194920,827
768,546005145181023289241123079282691349856765123252,95
769,546419506550631301392829487233220121979769255327,3
770,546911587113423798139075517175578455728034689787,4633
771,547018138087698144581635856159109150344972931328,3
772,549641628785998339053904907962103453799459811227,9
773,550096590646665248699396781203078354151931272894,63
774,550836123205962989651620582656341097959620826936,1875
775,552186292289423809881874156507569762110678789743,80
776,553129425471379430795621801411590959007175567057,5
777,554232260538597734314272331924867168668225415805,60
778,554515063920899764349443394397296310833302635720,208
779,554542987607401975976995469988717334962588511740,85
780,555674150603450227012700211856173555818037270664,423
781,555908463264454419771312942045747934781501147780,723
782,556984031798538565787670301806632997295240049005,238
783,556987050106673270712366235528327241668431437629,5
784,557409835964876612022828014517868890388809038155,9
785,558541821294924041769610020694039589624919057804,4710
786,561057674446631143078054305244283160016872256999,1387
787,563025419938665472497516341981342084782340844554,136
788,563943623978246642565335082063262555151930785236,10119
789,564631894279778808677077630274382862141465637318,53
790,564935009794570777765460235824356881239641739511,471
791,56581084813383805704723281163776687762159420290,312
792,567140331792087543019168382067334767189311385918,27
793,567708719294351767882324416933236243420344909252,39
794,567906383420623398582841616583779352720675281982,64
795,568937216421853104431190450007624870916199412604,2236
796,57077551811920559654322518474386531095768470366,552
797,575879031567593254353863469573170231432119316765,4566
798,575918132670198683738216057538120154542961777583,7
799,576901692061402515476803813227898160334788063325,551
800,5787880266330504906651941281345547393519096273,2819
801,579969464454352488223564126148858807425197396500,21
802,58124792259874139153416270014642349481739684769,82
803,581425352998973382418622571218614159690398556633,910
804,582926105818639605447846196371104739240183844549,42
805,583365598413869194680164664213853705838618497270,689
806,583853891899370525199081989004966149947091790462,196
807,586051891808912223261002926546975917484912783938,1182
808,58657264054057785152551928615898845343736977844,6
809,587402504018215114312830195024402597730393933064,47
810,591274016720853973408249082720300885928421196186,46
811,593821201109104445926792919654492401608280762102,577
812,595563471583385361164983221610491141974193444524,34
813,597276034704649351746152049181962869415497140530,148
814,59990030749046501510870423903791180658463532266,356
815,600690172042091203902501126617329536079970979223,6
816,605463787752440450350943716861600280979862836773,10138
817,606402962820476030062835352062229742375654033107,4
818,606497348513758740410811941597492304670469836869,4297
819,607056403980897101833232519569951676155480437160,4
820,608019539747199034207769702495671341066549669823,4944
821,608516078795907003333834866037018177041981196895,2314
822,612454168754066696065562408366277976117373665286,54
823,613460171091596402723538220608619578704396009152,1881
824,614645617464239023232481153568687833356834478908,40
825,614938230661554997915574630256428416554852323946,39
826,616488867345707388542294072652213855411084516268,423
827,617746474882716816511126857966473889411799390275,847
828,617858464095443846929509486984538827221731326399,8498
829,617975819463814447406116203867887471772356608163,228
830,618373029754837348481313527421727474114609630084,158
831,619805110285362488131573981490426663532118828343,201
832,62088846498628384653942052023350196743292539508,9988
833,620921913296012548643354778351834415975701284878,3261
834,6211339697403892464285129816160457232094094631,6
835,622371152558546324718107558336281774950509598054,5
836,623628568042254946138444544990306023467199381088,664
837,623848908191034534017115397613684178361704689233,3248
838,625097971294651157428295214140395390094671575698,6
839,626060725942897658165887769343850179047117152868,43
840,626065304827614930016999850481878486562073534747,22
841,628930206113391503483289675731853724376271332732,149
842,629069429697045298072973127423952114374602847655,3
843,630900066707473035568339834742837891373742216747,238
844,632144679842758396682226878031596918604642932482,205
845,632357076860874638082587225030013679450980149855,220
846,632808923099156722464383400633256892071025980130,36
847,633402168789096343688087845859988417971718838440,108
848,633950275306133039077496860904314267805993895581,19
849,634292842897484374816617309909266107484880728460,21
850,634350141596770454472394454828999048210324747872,108
851,635630132529980069441507971837430833142497185111,1346
852,637611819266908883661344964631570547377987397287,18
853,638782436018548322676021140136593324762545249362,967
854,638972496124521380171476604192312186404550315186,715
855,639253719816619204518195027086750367371426651112,6
856,640999012779647171252886536735288414551675806441,4
857,641241173025306757805955481961948336354932259426,1341
858,644711589592294993632043041301887697064507981627,4
859,647153029120040887911734294999583264951229277315,869
860,647798501370128895590564713431125212261970550892,623
861,649979106842197907910821845420293337144608840591,14
862,651724022934275658822879238471384142357009954513,291
863,652160132805591912674218839316927021074521170863,8
864,653308979806756130629534316165836176628408177195,1367
865,654260536223365192689819237374408065812991369883,11
866,654346940936058812553855143221227637013342899549,123
867,654623505500752620524123881554638599347844578048,2000
868,655315953558658962362872153025185946920318509359,183
869,655928012947980749302078154985748069223569711314,16
870,65606357825202876805841340833955891155286361460,460
871,656565592214054009982495115992554455883360805244,9989
872,658017637658004295346471881277606216379111589910,31
873,658271776370548026085409273968139841821176063892,9692
874,659369641697883017793311931020652887439384065388,6
875,660510512984363194087196935461041044535488018310,1486
876,66061511010219815983235227789501889423094848733,6
877,661426344962452873484390223908933604509978865681,37
878,663657157212345561950609385399643606428602789227,10
879,663678071059551891525234332580660780571114623881,42
880,664252219053075186633611223498817281348098543076,9572
881,666872965814260213868704679995146591711039857959,43
882,66862891783057617219603875878607647233816777502,357
883,669776310706426447506629405586429022592003905088,6
884,670692177830313384432597261762242920492721917653,9
885,672086064727341999107112749189688130816768286898,18
886,674385873268559427141164151792286694236768254152,45
887,674607910559293269814713674907768021395458369807,7
888,675522215413675503382159750100478836945309212032,307
889,675790165472040060711963305687698928128840371909,106
890,676997441200166286652685988656272191355353681095,9948
891,677480564143501129754663347419406598951194797838,7
892,677854957054772395194856730464089075107403953918,5
893,678243652593925266475458824940141610073745835119,907
894,679695804144180158154957817433688509811568326000,2829
895,679924020584622352736833962760850561692274806157,4
896,682179039214954809567020177259517958954055473835,6
897,683092913681642364012632395324540618887286467987,106
898,6831922103026091886335396552104941693425413634,5978
899,683266913621336965779984278846589754622153342203,1845
900,68452529750008192952906482686526094789082680213,56
901,685677736214396340796972068506502971501407082266,94
902,687644349878030169491063967433867323016591595073,483
903,687875604537802309904576141471456099400392439773,199
904,688484720485100161140369116379025912111731717710,10050
905,689260882880215343961410760798391099707648988622,154
906,689446403681771496791526397271358351871371512710,826
907,694772330851924053389622192468114292579647835975,6
908,695934745077958465479930147488504682477462262792,4750
909,697219847840851660376419175313898034730801756314,7
910,697991886194087685386460652123577785434925197562,43
911,698214574852863166231127460683851958348549374626,9214
912,69857702846364418776038354082543985412335553359,326
913,701351142435795280684824414998882679132431942579,378
914,701431847256880940299189477318097087783860943111,426
915,701997594187712997093795634227021049275976289019,2260
916,704913176573276189731669763591829555145825306107,724
917,706369997460441813283037521895901164491686669177,1177
918,706523363548659593321638448794397703068775947294,24
919,707265365433310863465319669346195266373584057446,3253
920,707613424041101231216824574397475458767767320232,23
921,707884434362802081722274065906249531164727106318,5
922,709605131338732729719868628772598276938616393961,12
923,710002090358442880059825524081916317811252071118,89
924,711682841617777405796824601967094881343794750308,10006
925,712315661307263441369553571624224644576801950210,430
926,712519476998391225282617094226261247689294660632,8
927,713103167943755908355646767162792892131941204316,4277
928,713485656535241298079194702648378768605711865730,106
929,713871560565506952518307452095972187945216315335,533
930,714060328814038095863855606691224963056073815689,153
931,716145479479556370420801882036140931093753686735,86
932,71650160746191623320066798314538680767473422431,30
933,718651240473892908837170095132119258995120485285,2120
934,719616838972489656798544782385026756540917780993,4
935,720010154337565361895047482413246418915757427636,441
936,720393823166316024594917533943529009100489660191,790
937,720517025136650708653895775595316600987801304518,3
938,721251655473644284620805148285843820556660837393,301
939,724029499196385586093529298172074575518585047877,9
940,724622973572459864721929718737591922447858640070,5893
941,725316606551421209958556706262153420477217297343,1023
942,726142486507806567560158059757887798568460234848,121
943,727538920691233023279085730328857921183047518610,10110
944,728469331073758752941162461372833134220072137672,8
945,729647987366195147327792443630941377359533597125,26
946,730551494782806799398572561630890364478823161166,27
947,730824311420543580008858232173313450035435486015,15
948,731409962668032732594857490132555735155026316726,2
949,732505228810633641977235263431428545329588132935,3297
950,732928953327704429731639353398845827557330554555,9833
951,733997013828675974524023956919780555796700121166,122
952,736178758679208065198612903962136900652555598265,1035
953,737083835965685588221439317002360989365531629731,6
954,740423926229021367616321598935916725513373722216,8862
955,740515168922696073706761121125875528795019937027,8646
956,740548571790801471653359759074807766451389476593,7
957,740860751282119402652499256522969010325648881786,487
958,742915330804761213453686938581517274859572727409,5
959,744007628772397815169370264892082791665866414008,665
960,744857154873617757329318746136759483366042975818,207
961,746391539906292944096873704299478800471429282640,529
962,747155443959348737898746999648038517231237596561,323
963,747688343485800410786147189399842231161771644479,957
964,748635817019118278711555341493714425483646090051,4786
965,748767069616894619779557551272124101847399510843,2807
966,749063953809198099263800041428956986036526018300,194
967,749199169085459808862801500902260079961031187671,2
968,753248292190697885854479444817546694537154207566,128
969,75384989212238106056837095216681488491689879271,113
970,754203080472369356015785818704912568419443653844,40
971,754341665190974958174791503599342503384059992619,122
972,754354825542951594192829215383363787991462587654,6
973,75489936726854950455595126182492068837449173895,994
974,755825112473794136664127103588990460842868936023,1243
975,758579870970494479181372412204484665227785587482,38
976,759763358728220033896736490210968414915535879917,4
977,759958028717379667565428799095333093939008683508,691
978,760589925727770907496148300847144213482887351936,70
979,761775714992374739843510212663739658820721204525,1324
980,761805732050994649599534837511363812199864501416,1317
981,762125555536755661804903574812691498123689775611,126
982,762585857495010973919797828347865746255573861324,43
983,7642235329034478401955317303418409072809916233,31
984,765207216111747174056105739727005798906795193492,6
985,766531160992759819148703943843384317667249805346,58
986,768232563902858874579220652713544035729040643599,434
987,771090646262326905843248132104559940934292122361,10
988,771144588443919019114188559393744978585885182284,1397
989,777040265123918087011609785524294597609927938602,70
990,778418812724582675246605756872413647166901959285,366
991,780812291639080386159126697934697499728839970254,30
992,781129892060859841832820828373452044683482474088,35
993,781689474596044832425457116849801624237428387830,84
994,781897965452916943012010998902905163545028342941,2137
995,782412841466675007526253363771691635445948060025,68
996,784514030948572917117010771097307583559523410152,116
997,785220263562762439081303640696130641342634077494,9321
998,786208357192731054386313747801634610395816718963,1040
999,786663069718662617953349411316671481988281929120,94
1000,787735007007613267299128136790218994447052792995,23
1001,789116526918511950073891270515140624839094281087,6
1002,789728884797519539002380183861920952603835989024,186
1003,79028683438138117496058982683998726438069316678,2865
1004,791582211482206747049356582590559413157388968165,10017
1005,793585899557064079836969120267076280855450153735,9
1006,794789161601397912208780718592895372510587684356,115
1007,796047068561230880489120115669644563469809574758,7485
1008,800362385563060698381961905778135494861585216931,34
1009,800782865104858959355443821866664751756106312932,1388
1010,800925732378327084701675834037038110174674567288,20
1011,8027728647612131393784095786328783949642129183,618
1012,803618714086451936271739348929728584009713713348,573
1013,804987329445197964377260228550731261632296707879,26
1014,805681125837176856056594451725722622372514984231,37
1015,807486588410003119802933063692856084453688529973,6
1016,807934272734326366702667422589139544258058537617,6861
1017,808540048823163857099741298271311795071207697090,151
1018,808645389960965501058813636965623686226823750780,690
1019,808706876369617613241696575580558479572372044737,1065
1020,808875822339615053227270508266680183811233922438,711
1021,809484579858373362422892759705728982165715501420,98
1022,810119127647137317102135448362284198769172994914,10
1023,810312487672220113811165054314339045914656950469,10003
1024,810783144480395306085062186407230976257750298493,1948
1025,811096389715100444693024877037374418158476840300,668
1026,811229624948638060764630937267905615272964830202,4
1027,815422820072022287955001739947093415343196316967,1298
1028,816306649558837481603816590726825432349854003799,1851
1029,816628983534838353100662151301809315857858379585,1936
1030,818136559611208980169991076414489777130539592612,42
1031,8182168336007980764541906416858003758046068430,186
1032,821468644794426681662710081133385510291041554299,1784
1033,821738558440453485846089634969933484042719450449,172
1034,821742216834627455533870467847186917711299894735,9964
1035,821837278561495937008078980692299509465846201472,9900
1036,824383505992996603165631764961836432135112066004,627
1037,825396368489339194770239075727822315408675473249,5
1038,825732569811909106245704614477350794682094617376,121
1039,825985756454248432204299167691873016745839163467,10046
1040,826550711421531981238330656926677516268548626173,9
1041,8268541156440692452645123283164412158597825800,544
1042,827244027410204212142359289205938412203452577055,63
1043,827626096925480301367783977138507429484325319571,17
1044,828876400794336702175476164474861261360243611292,6
1045,829932151199456113129752412119737049222387132852,9
1046,830542330786512326861915989111274915567689150907,7912
1047,831705115322298095818150288125978587633365921195,122
1048,832389120754901038346208794940301605120022710229,197
1049,833219432725253949865076130081632476816822364383,585
1050,835005232783668875091687431205303968361773180276,12
1051,835406134722190449710819619529829431964174873798,2643
1052,835740992417137621825793918213848739474994365700,243
1053,835916119481869570714151147060882853651886857980,39
1054,836165887846468460902894111398308833662625750389,109
1055,836816289715540834874179026309340745260764064963,9853
1056,840000453503917213220840897612644976353142957831,543
1057,840726721526256168483189525602061879470971113183,1914
1058,84170842191838228170575786899445150083191925294,43
1059,841910603960874149483670484426786682150251759047,17
1060,842586985935045186748617588071220490144015935982,23
1061,842591471465175226291722014935655791364558322713,6
1062,843570809084896151395195839780848376259816924683,3456
1063,844806399868521950905305517885413165515708647195,445
1064,846374161551327190546762073112924852332964105161,4
1065,847030781099050651894817045813361635315729263429,422
1066,851231922512276622928041282089671516352005676475,8
1067,854688739458577238594352889452275078366391867285,130
1068,85558931905790510164270478264045088678053249882,1206
1069,857613058576123910091297842632754947566988106412,51
1070,860056424034025778376921068208834601683346269360,13
1071,860799801149439402185008927893936571291717074962,26
1072,861781960316613725476752064000469639304639698900,205
1073,862432090015693205664652121793858825025425731061,45
1074,863223310737006462142025466035602103318106409256,8517
1075,865892100358108925516624149246445019227047823381,530
1076,86638449775433270683485716333763259593832637442,1944
1077,867345997229877977157497912476733431275264742435,43
1078,86746114596795634625943372572273195634837170870,9542
1079,867788470768288554377362691049775750238366695990,147
1080,868024184971127765395650263453340515675565179647,2114
1081,86821373438223301609566451471545008296036365132,1370
1082,869332015375226610711849974023292104869393192661,18
1083,869814157356944589337610524842012864195439856386,14
1084,872144726821900239870280649327948546641726062431,84
1085,872183581421645243402139170835542708728130731076,2353
1086,87229043255187979895303782103176579297893314369,82
1087,872652976896149478729892569629996077556487861648,2763
1088,876843348972970360094373737725120774739138072372,416
1089,877412073918828720987509400902824983028106324858,5
1090,87832694514270622110034954837619758124537976788,39
1091,879930651024022795939538706362613710351024943277,38
1092,879940665967824663618731537655768151765046141840,2206
1093,882165201456466187905178476098342355966851346469,187
1094,883934898239583196907919315511521182962047447753,729
1095,886067299578902642599152627814714772746258656014,9986
1096,886546252151784746473331380393724994124822975929,2053
1097,88921366047671260660653260808739561089729469744,4
1098,890248906260441870742749926502045477256249615035,91
1099,891493459636152276235886208009600553672635252610,239
1100,891650728697787652457500329280003073702333154907,128
1101,891711356566824340429440795648182018701314128878,55
1102,894656503991593088763400870484968414459104349577,3
1103,895247785928067389987443685540782351652866025620,486
1104,895544586563371959634390354243731732748315973110,4859
1105,896059211768518490008321733833831937177725063325,148
1106,897488245393667454654771085896889458713010321380,27
1107,8991003071074274797104721353457855315792403638,130
1108,899429589791213957798899294356326455689974794521,378
1109,901608149806013835834003736008819020153086173669,1577
1110,903194666715709281708639306311072990807658063037,9800
1111,903737927704941775247935964787657114557497942244,424
1112,90462336664655782279576783332817446077818958732,272
1113,905101694046311567911087981707880907709596409729,10039
1114,906829855624277595452461396745695279699005918591,10
1115,909338914598924966921855079877111964566842893652,113
1116,909680332033265070655547774523399300472746772743,4056
1117,909893048799779885485405060780861780808499972415,770
1118,91258950910508886983359805327673524771596631027,7
1119,914679240923335973840330347127474389458378078227,65
1120,915706417984884031286555109063608789413328754610,474
1121,915801513775975941148300217738053726978688132667,8
1122,916309612457238471631726582588392706248662189821,111
1123,918033887265238939961448989959277920671504054118,30
1124,922903905820984033436546029795315571763691837076,3
1125,92352347367881682158397221094904177268438040419,2709
1126,923967052410723654834742303054384241150419279933,8
1127,924159635218370935135273631900051578215894575033,100
1128,92654540144352228380829857598679045266629382175,77
1129,926678631506407117871675345345216237746968261732,9704
1130,92694665792130174417313542418346158521451354905,9942
1131,927444102518599621719075130169729655901551485470,2350
1132,92826587360448692692855201020955726977452486713,73
1133,930916929457227552168136300620323622771279258485,261
1134,933321028063162162192696046459423470532248471968,75
1135,934551533150838462550535185888526858068145755420,421
1136,937870191815300853499123523427618755664913044045,23
1137,939579481464035274252056918858624839774973256475,10
1138,939636714790170078152729591191896056290206553074,45
1139,940584931762182214534084485108469217069153277539,3
1140,941141039447960688081382891122294957588025100399,55
1141,941242132272771569453314606513175705765496838654,361
1142,941322150932471446648615267475533192755826517996,79
1143,942379209739029873277910642028868388639031208076,28
1144,942394787899470818297812950672107617657112087308,86
1145,943558636393094198638118828548854673137490881358,1
1146,944104194474404683002883367353218958274404780960,23
1147,944298113294973914237413835217630446867110264268,13
1148,944571047816489461351380913129050444746792087306,68
1149,945785757850948134993872970709491147684740420032,4066
1150,947080522246021440046030440210039462744297940144,193
1151,950896620316418595694581140920269080537203324739,1707
1152,951863045631822604211975981209481899840648589400,9
1153,953504813697773034302775232080374660859697857377,7
1154,955740659313831018791717301445490331275155569273,8
1155,956190464507860739260209889563254292149147074384,282
1156,95678622342092818053533810206481538398122156335,62
1157,957372749295226490980860587478079642642043470348,2312
1158,958574403628135331394245303597252184332999938497,568
1159,959278212539145731554085306598751938118841856818,1703
1160,95952144882799218449278655228917786879041241249,8997
1161,960532878734417492704321430227465964929915187266,5
1162,961028154662687727090974145318930838018154462753,130
1163,961256925122560195149830056393702081243515293817,25
1164,961640546663721949968096178122587376906109167697,15
1165,963400517088858568058696981919806735850532548949,21
1166,964340564055571622235814797404502729868818657128,920
1167,96625146786327852893650016850439638920991684557,65
1168,966353551086159155653560638948465175995661482025,1185
1169,96641351693824467934529340226611753288239517648,8
1170,967654062339444734478523196790732616472057763762,5
1171,9677619334213087554288009404785144664997900335,96
1172,96803811137767214391371146754565107284205531502,237
1173,968589440519135030684401028424546518812071430990,175
1174,973741012452624638398608375729693241511124359623,12
1175,974168766642882366835361860843691980300766495516,2155
1176,978401737604625916496401941932403753712380797888,865
1177,97855587815651538421267441829026814248062033967,465
1178,980032678012017699317962073936498172473913979224,3
1179,980121442267972940799614825705995504458244402475,6
1180,982456486165429502423517064174629578231756764379,22
1181,983383002654585928887849485277783917305881069373,4
1182,987278735560729459360501672848264005894657322838,324
1183,987464544736415271672593562392328827755964674464,11
1184,987627954500666279181177320468327070435807843582,2778
1185,988166425465350551556386978569461954120983457497,30
1186,988395898640815810659100712286132703405865904791,1435
1187,989357153022020193796918278459766892586333272501,12
1188,991224316036594651719420926371921610714556512212,3466
1189,992156528642975211493753750487667585323781683102,9857
1190,993603238499900353944561355079705908360192198357,1417
1191,997371515045670612793218980745593613035934034083,3383
1192,997442308066835461175309154820432725679115837259,29
1193,997955787163686986061806519547408567275306456808,4400
1194,998023983013317903159857575143056475028665966172,1090
